{"cameraMode":{"drawMode":0,"name":"Shaded","section":"Shading Mode"},"sceneLighting":false,"audioPlay":false,"sceneViewState":{"m_AlwaysRefresh":false,"showFog":true,"showSkybox":true,"showFlares":true,"showImageEffects":true,"showParticleSystems":true,"showVisualEffectGraphs":true,"m_FxEnabled":true},"in2DMode":false,"pivot":{"x":-0.14739903807640077,"y":14.765069007873536,"z":1.600644826889038},"rotation":{"x":-0.050348419696092609,"y":-0.6404594779014587,"z":0.7651839852333069,"w":-0.04214036092162132},"size":11.990435600280762,"orthographic":false}